night,target,tic_id,filter,frame_first,frame_last,exp_time_s,expose_per_posn,dither_posns,is_flat,notes,manual_veto
20241217,SkyFlat,,Ks,197,197,2.0,1.0,1.0,True,,False
20241217,SkyFlat,,Ks,198,198,10.0,1.0,1.0,True,,False
20241217,SkyFlat,,,199,208,,,,True,,False
20241217,TIC_352409590,352409590,Ks,247,247,30.0,1.0,1.0,False,~6k counts,False
20241217,TIC_352409590,352409590,Ks,248,248,60.0,1.0,1.0,False,,False
20241217,TIC_352409590,352409590,Ks,249,249,90.0,1.0,1.0,False,~8k counts,False
20241217,TIC_352409590,352409590,Ks,250,257,90.0,2.0,4.0,False,,False
20241217,TIC_257397333,257397333,Ks,258,258,60.0,1.0,1.0,False,Seeing looks awful; ~4k peak counts,False
20241217,TIC_257397333,257397333,Ks,259,259,120.0,1.0,1.0,False,,False
20241217,TIC_257397333,257397333,Ks,260,269,120.0,2.0,5.0,False,,False
20241217,TIC_35760711,35760711,Ks,270,270,120.0,1.0,1.0,False,~10K peak counts,False
20241217,TIC_35760711,35760711,Ks,271,280,120.0,2.0,5.0,False,,False
20241217,TIC_435903839,435903839,Ks,281,281,60.0,1.0,1.0,False,,False
20241217,TIC_435903839,435903839,Ks,282,282,120.0,1.0,1.0,False,,False
20241217,TIC_435903839,435903839,Ks,283,283,180.0,1.0,1.0,False,,False
20241217,TIC_435903839,435903839,Ks,284,291,180.0,2.0,4.0,False,,False
20241217,TIC_12632044,12632044,Ks,292,292,60.0,1.0,1.0,False,,False
20241217,TIC_12632044,12632044,Ks,293,293,180.0,1.0,1.0,False,,False
20241217,TIC_12632044,12632044,Ks,294,297,180.0,,,False,"Tried to do a script, but encountered multiple problems, mainly telescope drive control.  Aborted, these are all junk.",True
20241217,TIC_283866910,283866910,Ks,298,298,120.0,1.0,1.0,False,,False
20241217,TIC_283866910,283866910,Ks,299,308,120.0,2.0,5.0,False,304-307 overexposed,True
20241217,TIC_12632044,12632044,Ks,309,309,60.0,1.0,1.0,False,,False
20241217,TIC_12632044,12632044,Ks,310,319,120.0,2.0,5.0,False,,False
20241217,TIC_117880865,117880865,Ks,320,320,,1.0,1.0,False,,False
20241217,TIC_117880865,117880865,Ks,321,325,120.0,2.0,5.0,False,All junk--wind,True
20241217,TIC_77552918,77552918,Ks,326,326,60.0,1.0,1.0,False,Garbage; too much wind,False
20241217,TIC_364898,364898,Ks,327,327,60.0,1.0,1.0,False,,False
20241217,TIC_364898,364898,Ks,328,357,45.0,6.0,5.0,False,"Faint secondary about 15"" away? 332-333, 337, 340, 343-344, 352, 355 overexposed",True
20241217,TIC_364898,364898,J,358,358,45.0,1.0,1.0,False,,False
20241217,TIC_364898,364898,J,359,359,30.0,1.0,1.0,False,,False
20241217,TIC_364898,364898,J,360,399,30.0,8.0,5.0,False,"374, 385, 396 overexposed",True
20241217,TIC_60764070,60764070,Ks,400,400,60.0,1.0,1.0,False,,False
20241217,TIC_60764070,60764070,Ks,401,404,60.0,4.0,5.0,False,"Tried to run a script, but 403-404 wrecked by wind, aborting",False
20241217,TIC_172572159,172572159,Ks,405,405,60.0,1.0,1.0,False,,False
20241217,TIC_172572159,172572159,Ks,406,406,120.0,1.0,1.0,False,,False
20241217,TIC_172572159,172572159,Ks,407,407,120.0,1.0,1.0,False,,False
20241217,TIC_172572159,172572159,Ks,408,417,120.0,2.0,5.0,False,,False
20241217,TIC_172572159,172572159,J,418,418,60.0,1.0,1.0,False,,False
20241217,TIC_172572159,172572159,J,419,419,180.0,1.0,1.0,False,,False
20241217,TIC_172572159,172572159,J,420,424,180.0,1.0,5.0,False,,False
20241219,SkyFlat,,Ks,88,88,2.0,1.0,1.0,True,,False
20241219,SkyFlat,,Ks,89,89,15.0,1.0,1.0,True,,False
20241219,SkyFlat,,Ks,90,100,25.0,1.0,1.0,True,11k,False
20241219,SkyFlat,,J,101,101,30.0,1.0,1.0,True,30k,False
20241219,SkyFlat,,J,102,112,10.0,1.0,1.0,True,11k,False
20241219,TIC_148251101,148251101,Ks,163,163,10.0,1.0,1.0,False,"AO not perfect, reopen the loop",False
20241219,TIC_148251101,148251101,Ks,164,164,10.0,1.0,1.0,False,6k,False
20241219,TIC_148251101,148251101,Ks,165,166,20.0,1.0,1.0,False,13k-16k,False
20241219,TIC_148251101,148251101,Ks,167,168,15.0,1.0,1.0,False,12k,False
20241219,TIC_148251101,148251101,Ks,169,288,15.0,24.0,5.0,False,Seems like a small bump to the west; The bump looks less prominent at the second dithering position. The bump might be an AO artifact. ,False
20241219,TIC_148251101,148251101,J,289,289,15.0,1.0,1.0,False,Try a J and see. Not seeing a binary (4k counts),False
20241219,TIC_148251101,148251101,J,290,290,30.0,1.0,1.0,False,Still very round.,False
20241219,TIC_345778835,345778835,Ks,291,291,10.0,1.0,1.0,False,"looks ok, 2k",False
20241219,TIC_345778835,345778835,Ks,292,292,60.0,1.0,1.0,False,12k,False
20241219,TIC_345778835,345778835,Ks,293,322,60.0,6.0,5.0,False,"8k to start. Dropped to 6k, but still round. 303 bad, 316 15k,",True
20241219,TIC_151058955,151058955,Ks,323,323,60.0,1.0,1.0,False,25k,False
20241219,TIC_151058955,151058955,Ks,324,325,20.0,1.0,1.0,False,"8k,10k",False
20241219,TIC_151058955,151058955,Ks,326,415,20.0,18.0,5.0,False,Some fluctuations. Object round.,False
20241219,TIC_117880865,117880865,Ks,416,416,30.0,1.0,1.0,False,3k,False
20241219,TIC_117880865,117880865,Ks,417,417,120.0,1.0,1.0,False,11k,False
20241219,TIC_117880865,117880865,Ks,418,428,120.0,3.0,5.0,False,"419 17k, 427 is bad, aborted 428, might be wind. This might be enough",True
20241219,TIC_10056120,10056120,Ks,429,430,120.0,1.0,1.0,False,Try something in the north. This is faint. 10k,False
20241219,TIC_10056120,10056120,Ks,431,435,120.0,1.0,5.0,False,"13k, 433 19k, 434 20k, 435 aborted. Condition improved and overexposed.",True
20241219,TIC_10056120,10056120,Ks,436,436,60.0,1.0,1.0,False,10k,False
20241219,TIC_10056120,10056120,Ks,437,446,60.0,2.0,5.0,False,Redid background after this,False
20241219,TIC_10056120,10056120,Ks,447,456,60.0,2.0,5.0,False,"Done, no problem",False
20241219,TIC_46739994,46739994,Ks,457,458,30.0,1.0,1.0,False,,False
20241219,TIC_46739994,46739994,Ks,459,459,180.0,1.0,1.0,False,Too much wind. Can't stablize,False
20241219,TIC_265168621,265168621,Ks,460,460,30.0,1.0,1.0,False,3k,False
20241219,TIC_265168621,265168621,Ks,461,461,90.0,1.0,1.0,False,10k,False
20241219,TIC_265168621,265168621,Ks,462,465,90.0,2.0,5.0,False,"aborted, cloud",True
20241219,TIC_265168621,265168621,Ks,466,466,90.0,1.0,1.0,False,12k,False
20241219,TIC_265168621,265168621,Ks,467,476,90.0,2.0,5.0,False,Holding on. Fresh bg.,False
20241219,TIC_265168621,265168621,Ks,477,484,90.0,2.0,5.0,False,"477 15k, aborted the last two",True
20241219,TIC_46739994,46739994,Ks,485,485,120.0,1.0,1.0,False,A little elongated. 8k,False
20241219,TIC_46739994,46739994,Ks,486,486,150.0,1.0,1.0,False,"Still elongated, but better. 10k",False
20241219,TIC_46739994,46739994,Ks,487,490,150.0,1.0,5.0,False,lost at 490 and aborted last. Can't tell for sure if the elongation is binary or wind,True
20241219,TIC_46739994,46739994,Ks,491,495,150.0,1.0,5.0,False,ok,False
20241219,TIC_333620087,333620087,Ks,496,496,30.0,1.0,1.0,False,I can't see anything,False
20241219,TIC_333620087,333620087,Ks,497,497,30.0,1.0,1.0,False,still,False
20241219,TIC_333620087,333620087,Ks,498,498,120.0,1.0,1.0,False,cloud is blocking it completely,False
20241219,TIC_60764070,60764070,Ks,499,499,60.0,1.0,1.0,False,11k,False
20241219,TIC_60764070,60764070,Ks,500,503,60.0,2.0,5.0,False,"501 20k, abort",False
20241219,TIC_60764070,60764070,Ks,504,504,30.0,1.0,1.0,False,6k,False
20241219,TIC_60764070,60764070,Ks,505,505,30.0,1.0,1.0,False,too bright. 27k,False
20241219,TIC_60764070,60764070,Ks,506,506,10.0,1.0,1.0,False,10k,False
20241219,TIC_60764070,60764070,Ks,507,566,10.0,12.0,5.0,False,,False
20241219,TIC_60764070,60764070,Ks,567,626,10.0,12.0,5.0,False,,False
20241219,TIC_471012349,471012349,Ks,627,627,20.0,1.0,1.0,False,loops not closed yet,True
20241219,TIC_471012349,471012349,Ks,628,628,120.0,1.0,1.0,False,"Too faint, blocked by clouds",False
20241219,TIC_149766251,149766251,Ks,629,629,60.0,1.0,1.0,False,"Wrong coords, wasted 10 minutes here. 14k",False
20241219,TIC_149766251,149766251,Ks,630,630,60.0,1.0,1.0,False,13k,False
20241219,TIC_149766251,149766251,Ks,631,645,60.0,3.0,5.0,False,good,False
20241219,TIC_149766251,149766251,Ks,646,660,60.0,3.0,5.0,False,,False
20241219,TIC_289706625,289706625,Ks,661,661,60.0,1.0,1.0,False,40k,False
20241219,TIC_289706625,289706625,Ks,662,662,10.0,1.0,1.0,False,6k,False
20241219,TIC_289706625,289706625,Ks,663,663,20.0,1.0,1.0,False,22k,False
20241219,TIC_289706625,289706625,Ks,664,668,10.0,12.0,5.0,False,"some over 15k, abort",False
20241219,TIC_289706625,289706625,Ks,669,669,6.0,1.0,1.0,False,10k,False
20241219,TIC_289706625,289706625,Ks,670,769,6.0,20.0,5.0,False,10k,False
20241219,TIC_289706625,289706625,Ks,770,819,6.0,10.0,5.0,False,,False
20241219,TIC_77552918,77552918,Ks,820,820,10.0,1.0,1.0,False,3k,False
20241219,TIC_77552918,77552918,Ks,821,821,20.0,1.0,1.0,False,8k,False
20241219,TIC_77552918,77552918,Ks,822,823,30.0,1.0,1.0,False,"6k,11k",False
20241219,TIC_77552918,77552918,Ks,824,843,30.0,1.0,1.0,False,835 overexposed ,True
20241219,TIC_77552918,77552918,Ks,844,873,30.0,1.0,1.0,False,,False
20241016,TIC_352409590,352409590,Ks,168,168,20.0,1.0,1.0,False,1.5k,False
20241016,TIC_352409590,352409590,Ks,169,169,120.0,1.0,1.0,False,12k start dithering,False
20241016,TIC_352409590,352409590,Ks,170,184,120.0,3.0,5.0,False,"12k,15k,15k,12k, 177 16k, 180 17k, 184 16k",False
20241016,TIC_352409590,352409590,J,185,185,120.0,1.0,1.0,False,6k,False
20241016,TIC_352409590,352409590,J,186,186,240.0,1.0,1.0,False,12k,False
20241016,TIC_352409590,352409590,J,187,190,240.0,1.0,4.0,False,190 18k,False
20241016,TOI-6158,,Ks,191,191,120.0,1.0,1.0,False,"6k, very faint, probably only tip/tilt correction, but a round star nonetheless!",False
20241016,TOI-6158,,Ks,192,192,240.0,1.0,1.0,False,"11k, only 1k delta flux",False
20241016,TO-6158,,Ks,193,202,240.0,2.0,5.0,False,fresh background taken in the middle. seems to be hanging on. ,False
20241016,TIC_388814426,388814426,Ks,203,203,120.0,1.0,1.0,False,"Close to the moon, but red enough for wfs. 18k",False
20241016,TIC_388814426,388814426,Ks,204,205,90.0,2.0,1.0,False,"13k,10k",False
20241016,TIC_388814426,388814426,Ks,206,225,90.0,4.0,5.0,False,several (214) are right at 15k,False
20241016,TIC_281571049,281571049,Ks,226,226,30.0,1.0,1.0,False,"crowded region, took awhile to recognize the target. 6k",False
20241016,TIC_281571049,281571049,Ks,227,228,60.0,2.0,1.0,False,"13k,15k",False
20241016,TIC_281571049,281571049,Ks,229,258,60.0,6.0,5.0,False,"240 16k, 244 17k, 245 18k, 246 20k, 249 25k dither position 3 useless. Let's hope 4 will work. Yeah most of position 4 is ok",False
20241016,TIC_299496195,299496195,Ks,259,259,30.0,1.0,1.0,False,4k BINARY!,False
20241016,TIC_299496195,299496195,Ks,260,260,60.0,1.0,1.0,False,8k Again the brightness looks similar,False
20241016,TIC_299496195,299496195,Ks,261,261,90.0,1.0,1.0,False,"13k, too close and not most optimal for wfs",False
20241016,TIC_299496195,299496195,Ks,262,263,90.0,4.0,5.0,False,ENDED at 263,False
20241017,TOI-6158,,Ks,208,208,240.0,1.0,1.0,False,Lost the star,True
20241017,TOI-6158,,Ks,209,209,240.0,1.0,1.0,False,"Try locking in again, failed",True
20241017,TIC_283410775,283410775,Ks,210,210,30.0,1.0,1.0,False,"This was observed, a far companion was seen but not fully. No better target with all the pointing limitations. ",False
20241017,TIC_283410775,283410775,Ks,211,214,30.0,1.0,1.0,False,Moved the target to the side to show the companion. Worked.,False
20241017,TIC_283410775,283410775,Ks,215,235,20.0,1.0,1.0,False,Closing any minute. Just take as many as I can. Some 12k some 17k,True
20241017,TIC_283410775,283410775,Ks,236,236,15.0,1.0,1.0,False,conditions improved. Thinking about dithering with smaller scale at 3''. Try to include the companion in the field with dithering.,False
20241017,TIC_283410775,283410775,Ks,237,286,15.0,10.0,5.0,False,Around 8k. Just to be safe. brightness fluctuates a lot due to wind. AO lost during 271.,True
20241017,TIC_283410775,283410775,J,287,287,15.0,1.0,1.0,False,Try to get J and maybe comback for more Ks.6k. I see a closer and dimmer companion in J. Try to recenter the star,False
20241017,TIC_283410775,283410775,J,288,288,15.0,1.0,1.0,False,move didn't work,False
20241017,TIC_283410775,283410775,J,289,289,15.0,1.0,1.0,False,ok. now centered.,False
20241017,TIC_283410775,283410775,J,290,290,30.0,1.0,1.0,False,12k,False
20241017,TIC_283410775,283410775,J,291,340,30.0,10.0,5.0,False,almost all stayed below 15k,False
20241017,TOI-6158,,Ks,341,341,120.0,1.0,1.0,False,Try again. No,False
20241017,TIC_388814426,388814426,J,342,342,60.0,1.0,1.0,False,only 400. ,False
20241017,TIC_388814426,388814426,J,343,343,600.0,1.0,1.0,False,"5k, not bad. First time taking this long of an exposure. The wind was kind to me.",True
20241017,TIC_388814426,388814426,J,344,344,600.0,1.0,4.0,False,closing... Wind average 49mph>45mph closure,True
20240819,SkyFlat,,J,83,83,5.0,1.0,1.0,True,~8K counts,False
20240819,SkyFlat,,J,84,84,12.0,1.0,1.0,True,~20K counts,False
20240819,SkyFlat,,J,85,85,10.0,1.0,1.0,True,~16K counts,False
20240819,SkyFlat,,J,86,95,10.0,10.0,1.0,True,,False
20240819,SkyFlat,,Ks,96,96,30.0,1.0,1.0,True,8-9K counts,False
20240819,SkyFlat,,Ks,97,97,60.0,1.0,1.0,True,,False
20240819,SkyFlat,,Ks,98,107,60.0,10.0,1.0,True,,False
20240819,TIC_298559217,298559217,Ks,158,158,30.0,1.0,1.0,False,~10K counts,False
20240819,TIC_298559217,298559217,Ks,159,159,45.0,1.0,1.0,False,~30K counts; transparency/seeing variations?,False
20240819,TIC_298559217,298559217,Ks,160,160,30.0,1.0,1.0,False,Looks like potentially 2 additional objects,False
20240819,TIC_298559217,298559217,Ks,161,179,30.0,8.0,5.0,False,"163, 176-179 overexposed.  Looks like maybe a third object in the first dither?",True
20240819,TIC_298559217,298559217,Ks,180,180,20.0,1.0,1.0,False,,False
20240819,TIC_298559217,298559217,Ks,181,181,15.0,1.0,1.0,False,,False
20240819,TIC_298559217,298559217,Ks,182,225,15.0,11.0,4.0,False,191 overexposed,True
20240819,TIC_298559217,298559217,J,226,226,15.0,1.0,1.0,False,"Very underexposed, but is it just seeing fluctuations?",False
20240819,TIC_298559217,298559217,J,227,227,30.0,1.0,1.0,False,This looks better.  Fingers crossed.,False
20240819,TIC_298559217,298559217,J,228,257,30.0,6.0,5.0,False,,False
20240819,TIC_346416638,346416638,Ks,258,258,30.0,1.0,1.0,False,Overexposed,True
20240819,TIC_346416638,346416638,Ks,259,259,15.0,1.0,1.0,False,,False
20240819,TIC_346416638,346416638,Ks,260,289,15.0,6.0,5.0,False,"263,274-288 overexposed",True
20240819,TIC_346416638,346416638,Ks,290,290,10.0,1.0,1.0,False,Still a bit overexposed,True
20240819,TIC_346416638,346416638,Ks,291,291,8.0,1.0,1.0,False,,False
20240819,TIC_346416638,346416638,Ks,292,297,8.0,6.0,1.0,False,All overexposed.  Variable conditions driving me nuts,True
20240819,TIC_346416638,346416638,Ks,298,298,5.0,1.0,1.0,False,,False
20240819,TIC_346416638,346416638,Ks,299,338,5.0,10.0,4.0,False,,False
20240819,TIC_352409577,352409577,Ks,339,339,10.0,1.0,1.0,False,,False
20240819,TIC_352409577,352409577,Ks,340,429,10.0,18.0,5.0,False,,False
20240819,TIC_189571727,189571727,Ks,430,430,20.0,1.0,1.0,False,,False
20240819,TIC_189571727,189571727,Ks,431,431,45.0,1.0,1.0,False,Bit overexposed,True
20240819,TIC_189571727,189571727,Ks,432,432,35.0,1.0,1.0,False,Even more overexposed; clearly conditions are still variable.,True
20240819,TIC_189571727,189571727,Ks,433,433,25.0,1.0,1.0,False,,False
20240819,TIC_189571727,189571727,Ks,434,434,12.0,1.0,1.0,False,,False
20240819,TIC_189571727,189571727,Ks,435,509,12.0,15.0,5.0,False,,False
20240819,TIC_285181196,285181196,Ks,510,510,15.0,1.0,1.0,False,"Looks good, but taking another to be sure",False
20240819,TIC_285181196,285181196,Ks,511,511,15.0,1.0,1.0,False,,False
20240819,TIC_285181196,285181196,Ks,512,571,15.0,12.0,5.0,False,Binary!,False
20240819,TIC_285181196,285181196,J,572,572,15.0,1.0,1.0,False,,False
20240819,TIC_285181196,285181196,J,573,573,25.0,1.0,1.0,False,,False
20240819,TIC_285181196,285181196,J,574,608,25.0,7.0,5.0,False,,False
20240819,TIC_60922830,60922830,Ks,609,609,30.0,1.0,1.0,False,,False
20240819,TIC_60922830,60922830,Ks,610,610,15.0,1.0,1.0,False,,False
20240819,TIC_60922830,60922830,Ks,611,670,15.0,12.0,5.0,False,,False
20240819,TIC_313874586,313874586,Ks,671,671,5.0,1.0,1.0,False,,False
20240819,TIC_313874586,313874586,Ks,672,672,10.0,1.0,1.0,False,,False
20240819,TIC_313874586,313874586,Ks,673,762,10.0,18.0,5.0,False,Looks like a second object just at the edge of the FOV in the center position.,False
20240819,TIC_313874586,313874586,J,763,763,10.0,1.0,1.0,False,,False
20240819,TIC_313874586,313874586,J,764,853,10.0,18.0,5.0,False,,False
20240819,TIC_71038757,71038757,Ks,854,854,10.0,1.0,1.0,False,,False
20240819,TIC_71038757,71038757,Ks,855,899,10.0,9.0,5.0,False,"Doing a shorter sequence b/c approaching daylight. 874, 878-879, 889 overexposed",True
20240820,SkyFlat,,J,81,81,10.0,1.0,1.0,True,~18K counts,False
20240820,SkyFlat,,J,82,82,6.0,1.0,1.0,True,~12K,False
20240820,SkyFlat,,J,83,91,6.0,9.0,1.0,True,~12K,False
20240820,SkyFlat,,Ks,92,92,30.0,1.0,1.0,True,10k,False
20240820,SkyFlat,,Ks,93,93,45.0,1.0,1.0,True,16k,False
20240820,SkyFlat,,Ks,94,103,45.0,10.0,1.0,True,15k,False
20240820,TIC_233574265,233574265,J,190,190,15.0,1.0,1.0,False,? too low,True
20240820,TIC_233574265,233574265,J,191,191,45.0,1.0,1.0,False,3k,False
20240820,TIC_233574265,233574265,J,192,192,120.0,1.0,1.0,False,16k,False
20240820,TIC_233574265,233574265,J,193,207,100.0,3.0,5.0,False,"8-12k, dropped to 6k at the end, but still high SNR",False
20240820,TIC_283410775,283410775,J,208,208,120.0,1.0,1.0,False,"40k, way too high.",True
20240820,TIC_283410775,283410775,J,209,209,20.0,1.0,1.0,False,30k,False
20240820,TIC_283410775,283410775,J,210,210,9.0,1.0,1.0,False,20k,False
20240820,TIC_283410775,283410775,J,211,211,5.0,1.0,1.0,False,4k...,False
20240820,TIC_283410775,283410775,J,212,212,5.0,1.0,1.0,False,6k,False
20240820,TIC_283410775,283410775,J,213,213,9.0,1.0,1.0,False,6k,False
20240820,TIC_283410775,283410775,J,214,214,20.0,1.0,1.0,False,"25k, flucturaing conditions.",False
20240820,TIC_283410775,283410775,J,215,303,9.0,20.0,5.0,False,"8k to start, 10k, a couple ~15k, 235 20k, 238 2k, 30k at times, aborted the last position, too many overexposures.",True
20240820,TIC_427314633,427314633,J,304,304,9.0,1.0,1.0,False,1800,False
20240820,TIC_427314633,427314633,J,305,305,30.0,1.0,1.0,False,5k,False
20240820,TIC_427314633,427314633,J,306,306,60.0,1.0,1.0,False,8k,False
20240820,TIC_427314633,427314633,J,307,307,90.0,1.0,1.0,False,10k,False
20240820,TIC_427314633,427314633,J,308,322,90.0,3.0,5.0,False,"10k,15k, nice and stable",False
20240820,TIC_17540944,17540944,J,323,323,9.0,1.0,1.0,False,4k,False
20240820,TIC_17540944,17540944,J,324,324,20.0,1.0,1.0,False,6k,False
20240820,TIC_17540944,17540944,J,325,325,30.0,1.0,1.0,False,10k,False
20240820,TIC_17540944,17540944,J,326,365,30.0,8.0,5.0,False,8k-13k,False
20240820,TIC_192415411,192415411,Ks,366,366,30.0,1.0,1.0,False,10k. This one is really faint. Give it a try. Ok not as faint as we labeled. Shoulf be Rmag 13.7,False
20240820,TIC_192415411,192415411,Ks,367,367,30.0,1.0,1.0,False,8k,False
20240820,TIC_192415411,192415411,Ks,368,407,30.0,8.0,5.0,False,"10k,8k, 370 4k, 2 far companions seen (known)",False
20240820,TIC_441056236,441056236,Ks,408,408,10.0,1.0,1.0,False,close binaries of similar brightness. Ask operators to confirm we are looking at the correct target. Confirmed. It's hard to say which one is our primary star.,False
20240820,TIC_441056236,441056236,Ks,409,409,10.0,1.0,1.0,False,4k,False
20240820,TIC_441056236,441056236,Ks,410,410,20.0,1.0,1.0,False,12k,False
20240820,TIC_441056236,441056236,Ks,411,470,20.0,12.0,5.0,False,"15k seen once, mostly 8k-12k. The binaries are really close in Ks brightness. 429/440 20k",False
20240820,TIC_441056236,441056236,J,471,471,30.0,1.0,1.0,False,7k,False
20240820,TIC_441056236,441056236,J,472,472,45.0,1.0,1.0,False,11k,False
20240820,TIC_441056236,441056236,J,473,492,45.0,4.0,5.0,False,"13k, 474 20k,",False
20240820,TIC_89502706,89502706,Ks,493,493,20.0,1.0,1.0,False,10k,False
20240820,TIC_89502706,89502706,Ks,494,553,20.0,12.0,5.0,False,"8-12k, faint far companion at dithering 1",False
20240820,TIC_299496195,299496195,Ks,554,554,30.0,1.0,1.0,False,close binary again. Also very close in brightness in Ks. 4k,False
20240820,TIC_299496195,299496195,Ks,555,555,60.0,1.0,1.0,False,11k,False
20240820,TIC_299496195,299496195,Ks,556,575,60.0,4.0,5.0,False,mostly ok. the star in the northeast might be a double star? It looks double peaked. Definitely more elongated than the other one.,False
20240820,TIC_299496195,299496195,J,576,576,60.0,1.0,1.0,False,6k,False
20240820,TIC_299496195,299496195,J,577,586,90.0,2.0,5.0,False,12k,False
20240820,TIC_299496195,299496195,J,587,591,90.0,1.0,5.0,False,"Still have some time, doing another round",False
